-- Phase 4 商城測試資料：品牌、商品、規格（stripe_price_id / stripe_sub_price_id 請於 Stripe Dashboard 建立 Price 後回填）
-- 若已存在相同 slug，略過插入。

INSERT INTO brands (id, name, slug, description, logo_url, country, is_active)
VALUES
  (
    'a1000001-0000-4000-8000-000000000001',
    '堅果工坊',
    'seed-nut-studio',
    '台灣在地焙炒，主打無調味與低溫烘焙堅果。',
    null,
    'TW',
    true
  ),
  (
    'a1000002-0000-4000-8000-000000000002',
    '輕享蛋白',
    'seed-lite-protein',
    '專注高蛋白零食與即飲，支援增肌與體態管理。',
    null,
    'TW',
    true
  ),
  (
    'a1000003-0000-4000-8000-000000000003',
    '植粹生活館',
    'seed-plant-pure',
    '植物基配方與有機原料，適合清淡與素食取向。',
    null,
    'TW',
    true
  )
ON CONFLICT (slug) DO NOTHING;

INSERT INTO products (
  id,
  brand_id,
  name,
  slug,
  description,
  image_url,
  category,
  serving_size_g,
  calories,
  carb_g,
  protein_g,
  fat_g,
  fiber_g,
  sugar_g,
  sodium_mg,
  diet_tags,
  cert_tags,
  allergen_free,
  ingredients,
  origin,
  is_active,
  avg_rating
)
VALUES
  (
    'b1000001-0000-4000-8000-000000000001',
    'a1000001-0000-4000-8000-000000000001',
    '綜合無調味堅果',
    'seed-mixed-nuts-unsalted',
    '杏仁、腰果、核桃混合，無糖無鹽。',
    'https://picsum.photos/seed/ngnuts1/400/400',
    'nuts',
    30,
    180,
    8,
    6,
    14,
    3,
    2,
    40,
    ARRAY['mediterranean','dash','high_protein']::text[],
    ARRAY[]::text[],
    ARRAY['shellfish','gluten','dairy','eggs','soy','peanuts']::text[],
    '杏仁、腰果、核桃、葵花油微量',
    '台灣封裝／原料進口',
    true,
    4.6
  ),
  (
    'b1000002-0000-4000-8000-000000000002',
    'a1000001-0000-4000-8000-000000000001',
    '低糖鹽焗杏仁',
    'seed-roasted-almonds-low-sugar',
    '薄鹽調味，低糖配方。',
    'https://picsum.photos/seed/ngnuts2/400/400',
    'nuts',
    28,
    165,
    7,
    6,
    13,
    3.5,
    3,
    85,
    ARRAY['keto','low_cal']::text[],
    ARRAY[]::text[],
    ARRAY['shellfish','gluten','dairy','eggs','soy','peanuts']::text[],
    '杏仁、鹽、玉米澱粉',
    '美國／台灣',
    true,
    4.4
  ),
  (
    'b1000003-0000-4000-8000-000000000003',
    'a1000001-0000-4000-8000-000000000001',
    '藜麥核桃輕脆片',
    'seed-quinoa-walnut-crisp',
    '藜麥與核桃烘烤脆片，富含好脂肪。',
    'https://picsum.photos/seed/ngnuts3/400/400',
    'snack',
    25,
    135,
    12,
    4,
    8,
    3,
    4,
    120,
    ARRAY['mediterranean','dash']::text[],
    ARRAY['organic']::text[],
    ARRAY['shellfish','gluten','dairy','eggs','soy','peanuts']::text[],
    '核桃、藜麥、糙米、葵花油',
    '台灣',
    true,
    4.5
  ),
  (
    'b1000004-0000-4000-8000-000000000004',
    'a1000002-0000-4000-8000-000000000002',
    '乳清高蛋白棒（巧克力）',
    'seed-whey-bar-choco',
    '每份 20g 蛋白質，適合訓練後補充。',
    'https://picsum.photos/seed/ngbar1/400/400',
    'protein_bar',
    55,
    210,
    22,
    20,
    7,
    2,
    8,
    180,
    ARRAY['high_protein','low_cal']::text[],
    ARRAY[]::text[],
    ARRAY['shellfish','gluten','peanuts']::text[],
    '乳清蛋白、可可、甜味劑、大豆卵磷脂',
    '台灣',
    true,
    4.7
  ),
  (
    'b1000005-0000-4000-8000-000000000005',
    'a1000003-0000-4000-8000-000000000003',
    '植物蛋白棒（莓果）',
    'seed-plant-bar-berry',
    '豌豆蛋白基底，無乳製品。',
    'https://picsum.photos/seed/ngbar2/400/400',
    'protein_bar',
    50,
    190,
    18,
    18,
    6,
    5,
    6,
    160,
    ARRAY['high_protein','mediterranean']::text[],
    ARRAY['organic']::text[],
    ARRAY['shellfish','gluten','dairy','eggs','peanuts']::text[],
    '豌豆蛋白、莓果粉、菊糖',
    '台灣',
    true,
    4.5
  ),
  (
    'b1000006-0000-4000-8000-000000000006',
    'a1000002-0000-4000-8000-000000000002',
    '高蛋白脆米棒',
    'seed-crispy-rice-protein',
    '脆口感，方便隨身。',
    'https://picsum.photos/seed/ngbar3/400/400',
    'snack',
    35,
    155,
    17,
    15,
    5,
    1,
    5,
    140,
    ARRAY['high_protein','intermittent']::text[],
    ARRAY[]::text[],
    ARRAY['shellfish','peanuts']::text[],
    '米蛋白、可可脂、香料',
    '台灣',
    true,
    4.3
  ),
  (
    'b1000007-0000-4000-8000-000000000007',
    'a1000003-0000-4000-8000-000000000003',
    'Omega-3 魚油軟膠囊（60 粒）',
    'seed-omega3-fish-oil',
    '方便補充 EPA／DHA。',
    'https://picsum.photos/seed/ngsup1/400/400',
    'supplement',
    2,
    15,
    0,
    0,
    1.5,
    0,
    0,
    5,
    ARRAY['mediterranean','dash']::text[],
    ARRAY[]::text[],
    ARRAY['shellfish','gluten','dairy','eggs','soy','peanuts','tree_nuts']::text[],
    '魚油、明膠、甘油',
    '挪威原料／台灣封裝',
    true,
    4.8
  ),
  (
    'b1000008-0000-4000-8000-000000000008',
    'a1000003-0000-4000-8000-000000000003',
    '維生素 D3 滴劑',
    'seed-vitamin-d3-drops',
    '居家補充維生素 D。',
    'https://picsum.photos/seed/ngsup2/400/400',
    'supplement',
    0.5,
    5,
    0,
    0,
    0,
    0,
    0,
    0,
    ARRAY['dash','mediterranean']::text[],
    ARRAY[]::text[],
    ARRAY['shellfish','gluten','dairy','eggs','soy','peanuts','tree_nuts']::text[],
    '中鏈甘油三酯、維生素 D3',
    '加拿大原料',
    true,
    4.6
  ),
  (
    'b1000009-0000-4000-8000-000000000009',
    'a1000002-0000-4000-8000-000000000002',
    '益生菌膠囊（30 粒）',
    'seed-probiotic-30',
    '多株益生菌配方。',
    'https://picsum.photos/seed/ngsup3/400/400',
    'supplement',
    1,
    5,
    1,
    0,
    0,
    0,
    0,
    10,
    ARRAY['dash','low_cal']::text[],
    ARRAY[]::text[],
    ARRAY['shellfish','gluten','peanuts','tree_nuts']::text[],
    '益生菌混合物、菊糖、植物膠囊',
    '台灣',
    true,
    4.4
  ),
  (
    'b1000010-0000-4000-8000-000000000010',
    'a1000003-0000-4000-8000-000000000003',
    '無加糖豆漿',
    'seed-soy-milk-unsweet',
    '非基改大豆，無添加糖。',
    'https://picsum.photos/seed/ngdrink1/400/400',
    'drink',
    250,
    135,
    10,
    11,
    7,
    2,
    5,
    95,
    ARRAY['intermittent','dash','low_cal']::text[],
    ARRAY[]::text[],
    ARRAY['shellfish','gluten','dairy','eggs','peanuts','tree_nuts']::text[],
    '水、非基改大豆',
    '台灣',
    true,
    4.5
  ),
  (
    'b1000011-0000-4000-8000-000000000011',
    'a1000001-0000-4000-8000-000000000001',
    '椰子水電解質飲',
    'seed-coconut-electrolyte',
    '天然電解質補給。',
    'https://picsum.photos/seed/ngdrink2/400/400',
    'drink',
    330,
    65,
    15,
    0,
    0,
    14,
    12,
    35,
    ARRAY['mediterranean','keto']::text[],
    ARRAY[]::text[],
    ARRAY['shellfish','gluten','dairy','eggs','soy','peanuts','tree_nuts']::text[],
    '椰子水、檸檬酸',
    '泰國／台灣',
    true,
    4.2
  ),
  (
    'b1000012-0000-4000-8000-000000000012',
    'a1000002-0000-4000-8000-000000000002',
    '冷萃咖啡蛋白飲',
    'seed-coffee-protein-drink',
    '咖啡因 + 蛋白質一瓶搞定。',
    'https://picsum.photos/seed/ngdrink3/400/400',
    'drink',
    290,
    155,
    12,
    18,
    5,
    1,
    8,
    110,
    ARRAY['high_protein','intermittent']::text[],
    ARRAY[]::text[],
    ARRAY['shellfish','gluten','peanuts','tree_nuts']::text[],
    '冷萃咖啡、牛奶蛋白、香料',
    '台灣',
    true,
    4.6
  ),
  (
    'b1000013-0000-4000-8000-000000000013',
    'a1000003-0000-4000-8000-000000000003',
    '海苔糙米脆片',
    'seed-seaweed-brown-rice',
    '低油烘烤，爽口。',
    'https://picsum.photos/seed/ngsnack1/400/400',
    'snack',
    18,
    82,
    13,
    2,
    3,
    2,
    2,
    210,
    ARRAY['low_cal','dash']::text[],
    ARRAY[]::text[],
    ARRAY['shellfish','gluten','dairy','eggs','soy','peanuts','tree_nuts']::text[],
    '糙米、海苔、米糠油',
    '台灣',
    true,
    4.3
  ),
  (
    'b1000014-0000-4000-8000-000000000014',
    'a1000002-0000-4000-8000-000000000002',
    '85% 黑巧克力片',
    'seed-dark-chocolate-85',
    '苦甜平衡，糖量較低。',
    'https://picsum.photos/seed/ngsnack2/400/400',
    'snack',
    25,
    142,
    11,
    3,
    11,
    6,
    6,
    20,
    ARRAY['keto','low_cal']::text[],
    ARRAY[]::text[],
    ARRAY['shellfish','gluten','dairy','eggs','soy','peanuts']::text[],
    '可可膏、可可脂、糖',
    '比利時／台灣',
    true,
    4.7
  ),
  (
    'b1000015-0000-4000-8000-000000000015',
    'a1000002-0000-4000-8000-000000000002',
    '均衡代餐奶昔粉',
    'seed-meal-shake-balanced',
    '一餐取代，巨量營養標示清楚。',
    'https://picsum.photos/seed/ngmeal1/400/400',
    'meal_replacement',
    45,
    185,
    18,
    22,
    6,
    6,
    8,
    220,
    ARRAY['high_protein','low_cal','dash']::text[],
    ARRAY[]::text[],
    ARRAY['shellfish','gluten','peanuts']::text[],
    '乳清蛋白、燕麥粉、維生素礦物質混合物',
    '台灣',
    true,
    4.5
  )
ON CONFLICT (slug) DO NOTHING;

INSERT INTO product_variants (id, product_id, label, weight_g, price, sub_price, stock)
VALUES
  ('c1000001-0000-4000-8000-000000000001', 'b1000001-0000-4000-8000-000000000001', '隨手包 150g', 150, 320.00, 288.00, 120),
  ('c1000002-0000-4000-8000-000000000002', 'b1000001-0000-4000-8000-000000000001', '家庭號 450g', 450, 880.00, 792.00, 40),
  ('c1000003-0000-4000-8000-000000000003', 'b1000002-0000-4000-8000-000000000002', '單包 200g', 200, 260.00, 234.00, 80),
  ('c1000004-0000-4000-8000-000000000004', 'b1000003-0000-4000-8000-000000000003', '盒裝 8 入', 200, 299.00, 269.00, 60),
  ('c1000005-0000-4000-8000-000000000005', 'b1000004-0000-4000-8000-000000000004', '12 入盒', 660, 720.00, 648.00, 100),
  ('c1000006-0000-4000-8000-000000000006', 'b1000005-0000-4000-8000-000000000005', '10 入盒', 500, 690.00, 621.00, 55),
  ('c1000007-0000-4000-8000-000000000007', 'b1000006-0000-4000-8000-000000000006', '6 入袋', 210, 420.00, 378.00, 70),
  ('c1000008-0000-4000-8000-000000000008', 'b1000007-0000-4000-8000-000000000007', '標準瓶 60 粒', 120, 980.00, 882.00, 30),
  ('c1000009-0000-4000-8000-000000000009', 'b1000008-0000-4000-8000-000000000008', '30ml', 35, 420.00, 378.00, 45),
  ('c1000010-0000-4000-8000-000000000010', 'b1000009-0000-4000-8000-000000000009', '30 粒瓶', 45, 780.00, 702.00, 35),
  ('c1000011-0000-4000-8000-000000000011', 'b1000010-0000-4000-8000-000000000010', '瓶裝 500ml × 6', 3000, 210.00, 189.00, 200),
  ('c1000012-0000-4000-8000-000000000012', 'b1000011-0000-4000-8000-000000000011', '330ml × 12', 3960, 960.00, 864.00, 48),
  ('c1000013-0000-4000-8000-000000000013', 'b1000012-0000-4000-8000-000000000012', '290ml × 6', 1740, 540.00, 486.00, 90),
  ('c1000014-0000-4000-8000-800000000014', 'b1000013-0000-4000-8000-000000000013', '盒裝 10 包', 180, 220.00, 198.00, 150),
  ('c1000015-0000-4000-8000-800000000015', 'b1000014-0000-4000-8000-000000000014', '150g', 150, 280.00, 252.00, 85),
  ('c1000016-0000-4000-8000-800000000016', 'b1000015-0000-4000-8000-000000000015', '罐裝 900g', 900, 1480.00, 1332.00, 25)
ON CONFLICT (id) DO NOTHING;
